Package	Version	LibPath
arrow	17.0.0.1	/usr/local/lib/R/site-library
askpass	1.2.1	/usr/local/lib/R/site-library
assertthat	0.2.1	/usr/local/lib/R/site-library
backports	1.5.0	/usr/local/lib/R/site-library
base64enc	0.1-3	/usr/local/lib/R/site-library
bit	4.5.0	/usr/local/lib/R/site-library
bit64	4.5.2	/usr/local/lib/R/site-library
blob	1.2.4	/usr/local/lib/R/site-library
broom	1.0.7	/usr/local/lib/R/site-library
bslib	0.8.0	/usr/local/lib/R/site-library
cachem	1.1.0	/usr/local/lib/R/site-library
callr	3.7.6	/usr/local/lib/R/site-library
cellranger	1.1.0	/usr/local/lib/R/site-library
cli	3.6.3	/usr/local/lib/R/site-library
clipr	0.8.0	/usr/local/lib/R/site-library
colorspace	2.1-1	/usr/local/lib/R/site-library
conflicted	1.2.0	/usr/local/lib/R/site-library
cpp11	0.5.0	/usr/local/lib/R/site-library
crayon	1.5.3	/usr/local/lib/R/site-library
curl	5.2.3	/usr/local/lib/R/site-library
data.table	1.16.2	/usr/local/lib/R/site-library
DBI	1.2.3	/usr/local/lib/R/site-library
dbplyr	2.5.0	/usr/local/lib/R/site-library
digest	0.6.37	/usr/local/lib/R/site-library
docopt	0.7.1	/usr/local/lib/R/site-library
dplyr	1.1.4	/usr/local/lib/R/site-library
dtplyr	1.3.1	/usr/local/lib/R/site-library
evaluate	1.0.1	/usr/local/lib/R/site-library
fansi	1.0.6	/usr/local/lib/R/site-library
farver	2.1.2	/usr/local/lib/R/site-library
fastmap	1.2.0	/usr/local/lib/R/site-library
fontawesome	0.5.2	/usr/local/lib/R/site-library
forcats	1.0.0	/usr/local/lib/R/site-library
fs	1.6.4	/usr/local/lib/R/site-library
gargle	1.5.2	/usr/local/lib/R/site-library
generics	0.1.3	/usr/local/lib/R/site-library
ggplot2	3.5.1	/usr/local/lib/R/site-library
ggvenn	0.1.10	/usr/local/lib/R/site-library
glue	1.8.0	/usr/local/lib/R/site-library
googledrive	2.1.1	/usr/local/lib/R/site-library
googlesheets4	1.1.1	/usr/local/lib/R/site-library
gtable	0.3.6	/usr/local/lib/R/site-library
haven	2.5.4	/usr/local/lib/R/site-library
highr	0.11	/usr/local/lib/R/site-library
hms	1.1.3	/usr/local/lib/R/site-library
htmltools	0.5.8.1	/usr/local/lib/R/site-library
httr	1.4.7	/usr/local/lib/R/site-library
ids	1.0.1	/usr/local/lib/R/site-library
isoband	0.2.7	/usr/local/lib/R/site-library
jquerylib	0.1.4	/usr/local/lib/R/site-library
jsonlite	1.8.9	/usr/local/lib/R/site-library
knitr	1.48	/usr/local/lib/R/site-library
labeling	0.4.3	/usr/local/lib/R/site-library
lifecycle	1.0.4	/usr/local/lib/R/site-library
littler	0.3.20	/usr/local/lib/R/site-library
lubridate	1.9.3	/usr/local/lib/R/site-library
magrittr	2.0.3	/usr/local/lib/R/site-library
memoise	2.0.1	/usr/local/lib/R/site-library
mime	0.12	/usr/local/lib/R/site-library
modelr	0.1.11	/usr/local/lib/R/site-library
munsell	0.5.1	/usr/local/lib/R/site-library
openssl	2.2.2	/usr/local/lib/R/site-library
paletteer	1.6.0	/usr/local/lib/R/site-library
pillar	1.9.0	/usr/local/lib/R/site-library
pkgconfig	2.0.3	/usr/local/lib/R/site-library
prettyunits	1.2.0	/usr/local/lib/R/site-library
prismatic	1.1.2	/usr/local/lib/R/site-library
processx	3.8.4	/usr/local/lib/R/site-library
progress	1.2.3	/usr/local/lib/R/site-library
ps	1.8.1	/usr/local/lib/R/site-library
purrr	1.0.2	/usr/local/lib/R/site-library
R6	2.5.1	/usr/local/lib/R/site-library
ragg	1.3.3	/usr/local/lib/R/site-library
rappdirs	0.3.3	/usr/local/lib/R/site-library
RColorBrewer	1.1-3	/usr/local/lib/R/site-library
readr	2.1.5	/usr/local/lib/R/site-library
readxl	1.4.3	/usr/local/lib/R/site-library
rematch	2.0.0	/usr/local/lib/R/site-library
rematch2	2.1.2	/usr/local/lib/R/site-library
reprex	2.1.1	/usr/local/lib/R/site-library
rlang	1.1.4	/usr/local/lib/R/site-library
rmarkdown	2.28	/usr/local/lib/R/site-library
rstudioapi	0.17.1	/usr/local/lib/R/site-library
rvest	1.0.4	/usr/local/lib/R/site-library
sass	0.4.9	/usr/local/lib/R/site-library
scales	1.3.0	/usr/local/lib/R/site-library
selectr	0.4-2	/usr/local/lib/R/site-library
stringi	1.8.4	/usr/local/lib/R/site-library
stringr	1.5.1	/usr/local/lib/R/site-library
sys	3.4.3	/usr/local/lib/R/site-library
systemfonts	1.1.0	/usr/local/lib/R/site-library
textshaping	0.4.0	/usr/local/lib/R/site-library
tibble	3.2.1	/usr/local/lib/R/site-library
tidyr	1.3.1	/usr/local/lib/R/site-library
tidyselect	1.2.1	/usr/local/lib/R/site-library
tidyverse	2.0.0	/usr/local/lib/R/site-library
timechange	0.3.0	/usr/local/lib/R/site-library
tinytex	0.53	/usr/local/lib/R/site-library
tzdb	0.4.0	/usr/local/lib/R/site-library
utf8	1.2.4	/usr/local/lib/R/site-library
uuid	1.2-1	/usr/local/lib/R/site-library
vctrs	0.6.5	/usr/local/lib/R/site-library
viridisLite	0.4.2	/usr/local/lib/R/site-library
vroom	1.6.5	/usr/local/lib/R/site-library
withr	3.0.2	/usr/local/lib/R/site-library
xfun	0.48	/usr/local/lib/R/site-library
xml2	1.3.6	/usr/local/lib/R/site-library
yaml	2.3.10	/usr/local/lib/R/site-library
base	4.4.1	/usr/local/lib/R/library
boot	1.3-30	/usr/local/lib/R/library
class	7.3-22	/usr/local/lib/R/library
cluster	2.1.6	/usr/local/lib/R/library
codetools	0.2-20	/usr/local/lib/R/library
compiler	4.4.1	/usr/local/lib/R/library
datasets	4.4.1	/usr/local/lib/R/library
foreign	0.8-86	/usr/local/lib/R/library
graphics	4.4.1	/usr/local/lib/R/library
grDevices	4.4.1	/usr/local/lib/R/library
grid	4.4.1	/usr/local/lib/R/library
KernSmooth	2.23-24	/usr/local/lib/R/library
lattice	0.22-6	/usr/local/lib/R/library
MASS	7.3-60.2	/usr/local/lib/R/library
Matrix	1.7-0	/usr/local/lib/R/library
methods	4.4.1	/usr/local/lib/R/library
mgcv	1.9-1	/usr/local/lib/R/library
nlme	3.1-164	/usr/local/lib/R/library
nnet	7.3-19	/usr/local/lib/R/library
parallel	4.4.1	/usr/local/lib/R/library
rpart	4.1.23	/usr/local/lib/R/library
spatial	7.3-17	/usr/local/lib/R/library
splines	4.4.1	/usr/local/lib/R/library
stats	4.4.1	/usr/local/lib/R/library
stats4	4.4.1	/usr/local/lib/R/library
survival	3.6-4	/usr/local/lib/R/library
tcltk	4.4.1	/usr/local/lib/R/library
tools	4.4.1	/usr/local/lib/R/library
utils	4.4.1	/usr/local/lib/R/library
